timestamp,station_id,temperature_2m,shortwave_radiation,windspeed_10m,wind_direction_10m,wind_gusts_10m,relative_humidity_2m,rain,cloud_cover,soil_temperature_7_to_28cm,soil_moisture_7_to_28cm
2024-01-01 00:00:00,plateau_jos,17.0,0.0,9.4,88,14.8,36,0.0,0,22.8,0.28
2024-01-01 01:00:00,plateau_jos,17.7,0.0,8.3,90,11.9,34,0.0,0,22.7,0.28
2024-01-01 02:00:00,plateau_jos,17.9,0.0,8.4,80,11.5,33,0.0,0,22.5,0.28
2024-01-01 03:00:00,plateau_jos,17.8,0.0,8.7,85,10.8,33,0.0,0,22.3,0.28
2024-01-01 04:00:00,plateau_jos,17.0,0.0,9.5,81,11.9,35,0.0,0,22.1,0.28
2024-01-01 05:00:00,plateau_jos,15.3,0.0,11.5,76,14.0,39,0.0,0,21.9,0.28
2024-01-01 06:00:00,plateau_jos,14.1,0.0,12.9,67,16.6,41,0.0,0,21.6,0.28
2024-01-01 07:00:00,plateau_jos,14.0,3.0,11.5,70,16.6,45,0.0,0,21.4,0.28
2024-01-01 08:00:00,plateau_jos,18.8,125.0,9.2,69,15.1,32,0.0,0,21.2,0.28
2024-01-01 09:00:00,plateau_jos,21.2,356.0,11.8,63,24.8,24,0.0,0,21.0,0.28
2024-01-01 10:00:00,plateau_jos,23.0,578.0,13.2,61,29.9,22,0.0,0,21.0,0.28
2024-01-01 11:00:00,plateau_jos,24.6,754.0,13.7,60,31.7,21,0.0,0,21.1,0.28
2024-01-01 12:00:00,plateau_jos,26.0,865.0,13.3,57,32.0,20,0.0,0,21.2,0.28
2024-01-01 13:00:00,plateau_jos,26.9,900.0,11.6,54,31.7,19,0.0,0,21.5,0.28
2024-01-01 14:00:00,plateau_jos,27.3,856.0,10.5,52,29.2,19,0.0,0,21.9,0.28
2024-01-01 15:00:00,plateau_jos,27.5,739.0,9.9,57,27.4,19,0.0,28,22.2,0.28
2024-01-01 16:00:00,plateau_jos,27.2,558.0,9.6,56,25.2,20,0.0,91,22.5,0.28
2024-01-01 17:00:00,plateau_jos,26.2,334.0,10.3,54,23.0,20,0.0,88,22.8,0.28
2024-01-01 18:00:00,plateau_jos,23.5,107.0,7.4,47,21.2,24,0.0,97,23.1,0.28
2024-01-01 19:00:00,plateau_jos,21.3,1.0,7.8,56,13.7,28,0.0,98,23.2,0.28
2024-01-01 20:00:00,plateau_jos,19.3,0.0,9.7,68,13.0,33,0.0,99,23.2,0.28
2024-01-01 21:00:00,plateau_jos,18.7,0.0,10.5,74,14.0,35,0.0,96,23.2,0.28
2024-01-01 22:00:00,plateau_jos,18.8,0.0,10.0,52,13.7,33,0.0,100,23.1,0.28
2024-01-01 23:00:00,plateau_jos,16.7,0.0,11.4,66,15.1,37,0.0,100,23.0,0.28
2024-01-02 00:00:00,plateau_jos,16.1,0.0,10.9,73,14.8,39,0.0,100,22.9,0.28
2024-01-02 01:00:00,plateau_jos,16.8,0.0,9.4,83,14.0,37,0.0,100,22.7,0.28
2024-01-02 02:00:00,plateau_jos,17.1,0.0,8.6,92,11.9,35,0.0,98,22.5,0.28
2024-01-02 03:00:00,plateau_jos,16.2,0.0,9.8,84,12.2,37,0.0,100,22.3,0.28
2024-01-02 04:00:00,plateau_jos,15.9,0.0,10.2,82,12.2,37,0.0,100,22.0,0.28
2024-01-02 05:00:00,plateau_jos,14.6,0.0,11.6,74,14.4,39,0.0,100,21.8,0.28
2024-01-02 06:00:00,plateau_jos,15.1,0.0,9.8,82,14.4,36,0.0,98,21.6,0.28
2024-01-02 07:00:00,plateau_jos,15.2,3.0,8.4,97,12.2,38,0.0,98,21.3,0.28
2024-01-02 08:00:00,plateau_jos,18.5,118.0,6.2,97,10.4,29,0.0,96,21.1,0.28
2024-01-02 09:00:00,plateau_jos,21.8,342.0,6.8,58,16.6,22,0.0,98,21.0,0.28
2024-01-02 10:00:00,plateau_jos,24.0,562.0,10.0,52,24.5,20,0.0,99,21.0,0.28
2024-01-02 11:00:00,plateau_jos,25.7,737.0,10.2,51,26.3,19,0.0,100,21.0,0.28
2024-01-02 12:00:00,plateau_jos,27.0,848.0,9.9,46,26.6,19,0.0,100,21.2,0.28
2024-01-02 13:00:00,plateau_jos,28.1,888.0,9.4,40,26.3,19,0.0,100,21.5,0.28
2024-01-02 14:00:00,plateau_jos,28.3,850.0,10.8,30,27.7,19,0.0,90,21.8,0.28
2024-01-02 15:00:00,plateau_jos,28.3,736.0,11.8,23,28.4,19,0.0,92,22.2,0.28
2024-01-02 16:00:00,plateau_jos,27.7,557.0,11.3,22,28.4,19,0.0,78,22.6,0.28
2024-01-02 17:00:00,plateau_jos,26.6,334.0,11.8,27,26.3,20,0.0,77,22.9,0.28
2024-01-02 18:00:00,plateau_jos,24.1,108.0,9.4,40,24.5,24,0.0,94,23.1,0.28
2024-01-02 19:00:00,plateau_jos,22.1,2.0,9.7,48,17.6,26,0.0,96,23.3,0.28
2024-01-02 20:00:00,plateau_jos,20.7,0.0,8.2,49,17.3,28,0.0,94,23.3,0.28
2024-01-02 21:00:00,plateau_jos,18.9,0.0,8.6,57,14.0,32,0.0,8,23.3,0.28
2024-01-02 22:00:00,plateau_jos,17.9,0.0,8.9,58,13.3,34,0.0,8,23.3,0.28
2024-01-02 23:00:00,plateau_jos,16.6,0.0,10.4,88,13.3,38,0.0,6,23.2,0.28
2024-01-03 00:00:00,plateau_jos,17.0,0.0,8.8,99,13.3,36,0.0,0,23.0,0.28
2024-01-03 01:00:00,plateau_jos,17.2,0.0,6.8,115,11.2,35,0.0,0,22.8,0.28
2024-01-03 02:00:00,plateau_jos,18.0,0.0,6.9,99,10.4,31,0.0,26,22.7,0.28
2024-01-03 03:00:00,plateau_jos,16.0,0.0,7.9,114,9.7,36,0.0,0,22.4,0.28
2024-01-03 04:00:00,plateau_jos,15.3,0.0,8.0,126,9.7,38,0.0,12,22.2,0.28
2024-01-03 05:00:00,plateau_jos,16.9,0.0,6.7,126,9.7,33,0.0,73,22.0,0.28
2024-01-03 06:00:00,plateau_jos,16.3,0.0,5.6,140,8.3,34,0.0,99,21.7,0.28
2024-01-03 07:00:00,plateau_jos,14.8,3.0,5.8,158,7.6,42,0.0,98,21.5,0.28
2024-01-03 08:00:00,plateau_jos,19.2,120.0,4.7,176,8.6,32,0.0,46,21.2,0.28
2024-01-03 09:00:00,plateau_jos,23.1,352.0,3.2,117,11.2,23,0.0,58,21.1,0.28
2024-01-03 10:00:00,plateau_jos,25.8,575.0,3.7,79,15.1,20,0.0,76,21.1,0.28
2024-01-03 11:00:00,plateau_jos,27.5,752.0,3.1,54,15.8,19,0.0,42,21.2,0.28
2024-01-03 12:00:00,plateau_jos,28.8,861.0,4.8,27,18.7,18,0.0,56,21.4,0.28
2024-01-03 13:00:00,plateau_jos,29.7,898.0,7.1,15,22.0,17,0.0,95,21.8,0.28
2024-01-03 14:00:00,plateau_jos,30.2,848.0,10.2,352,26.6,17,0.0,78,22.2,0.28
2024-01-03 15:00:00,plateau_jos,30.0,725.0,12.4,352,29.2,17,0.0,99,22.6,0.28
2024-01-03 16:00:00,plateau_jos,29.3,522.0,12.0,353,29.2,17,0.0,100,23.0,0.28
2024-01-03 17:00:00,plateau_jos,28.4,297.0,11.2,360,27.0,17,0.0,100,23.3,0.28
2024-01-03 18:00:00,plateau_jos,25.6,98.0,8.4,25,22.7,21,0.0,99,23.6,0.28
2024-01-03 19:00:00,plateau_jos,21.9,2.0,6.9,62,15.8,26,0.0,67,23.7,0.28
2024-01-03 20:00:00,plateau_jos,20.2,0.0,9.0,61,13.0,29,0.0,0,23.8,0.28
2024-01-03 21:00:00,plateau_jos,19.5,0.0,8.0,54,13.0,28,0.0,0,23.8,0.28
2024-01-03 22:00:00,plateau_jos,18.4,0.0,8.7,45,13.0,30,0.0,3,23.7,0.28
2024-01-03 23:00:00,plateau_jos,17.4,0.0,9.7,59,13.3,31,0.0,72,23.6,0.28
2024-01-04 00:00:00,plateau_jos,16.5,0.0,10.9,73,14.0,35,0.0,98,23.5,0.28
2024-01-04 01:00:00,plateau_jos,18.0,0.0,9.0,67,14.0,30,0.0,100,23.3,0.28
2024-01-04 02:00:00,plateau_jos,17.5,0.0,9.7,59,12.6,30,0.0,0,23.1,0.28
2024-01-04 03:00:00,plateau_jos,17.5,0.0,9.2,69,12.2,29,0.0,0,22.8,0.28
2024-01-04 04:00:00,plateau_jos,17.3,0.0,9.8,73,12.2,29,0.0,76,22.6,0.28
2024-01-04 05:00:00,plateau_jos,16.5,0.0,10.5,68,13.0,29,0.0,85,22.4,0.28
2024-01-04 06:00:00,plateau_jos,14.5,0.0,12.1,67,15.1,33,0.0,18,22.1,0.28
2024-01-04 07:00:00,plateau_jos,15.1,3.0,10.2,82,15.1,34,0.0,0,21.9,0.28
2024-01-04 08:00:00,plateau_jos,19.0,119.0,6.5,87,12.6,25,0.0,1,21.7,0.28
2024-01-04 09:00:00,plateau_jos,22.3,348.0,8.1,69,18.4,19,0.0,6,21.5,0.28
2024-01-04 10:00:00,plateau_jos,24.6,571.0,10.0,60,24.1,17,0.0,10,21.5,0.28
2024-01-04 11:00:00,plateau_jos,26.3,749.0,9.9,57,25.6,17,0.0,0,21.6,0.28
2024-01-04 12:00:00,plateau_jos,27.6,862.0,8.2,49,25.6,17,0.0,26,21.7,0.28
2024-01-04 13:00:00,plateau_jos,28.5,900.0,8.2,38,24.1,17,0.0,79,22.0,0.28
2024-01-04 14:00:00,plateau_jos,28.7,858.0,9.7,27,25.9,15,0.0,97,22.3,0.28
2024-01-04 15:00:00,plateau_jos,28.7,738.0,10.5,31,25.9,14,0.0,97,22.7,0.28
2024-01-04 16:00:00,plateau_jos,28.2,557.0,11.7,34,26.3,14,0.0,95,23.0,0.28
2024-01-04 17:00:00,plateau_jos,27.2,334.0,11.2,40,26.3,15,0.0,99,23.3,0.28
2024-01-04 18:00:00,plateau_jos,24.4,108.0,7.4,47,23.0,19,0.0,98,23.6,0.28
2024-01-04 19:00:00,plateau_jos,22.4,2.0,8.7,60,15.5,21,0.0,95,23.7,0.28
2024-01-04 20:00:00,plateau_jos,20.1,0.0,9.8,66,15.5,27,0.0,62,23.8,0.28
2024-01-04 21:00:00,plateau_jos,18.9,0.0,9.7,59,14.0,29,0.0,17,23.7,0.28
2024-01-04 22:00:00,plateau_jos,18.2,0.0,9.0,67,14.0,29,0.0,26,23.7,0.28
2024-01-04 23:00:00,plateau_jos,18.4,0.0,8.6,68,15.1,27,0.0,9,23.6,0.28
2024-01-05 00:00:00,plateau_jos,16.6,0.0,9.9,71,14.4,32,0.0,35,23.4,0.28
2024-01-05 01:00:00,plateau_jos,15.5,0.0,11.6,74,14.8,36,0.0,80,23.2,0.28
2024-01-05 02:00:00,plateau_jos,15.0,0.0,12.1,78,15.5,37,0.0,97,23.0,0.28
2024-01-05 03:00:00,plateau_jos,14.6,0.0,12.3,85,15.5,37,0.0,63,22.8,0.28
2024-01-05 04:00:00,plateau_jos,14.8,0.0,11.9,87,15.5,35,0.0,70,22.6,0.28
2024-01-05 05:00:00,plateau_jos,14.3,0.0,12.3,87,15.5,34,0.0,100,22.3,0.28
2024-01-05 06:00:00,plateau_jos,14.4,0.0,11.9,88,15.5,32,0.0,78,22.1,0.28
2024-01-05 07:00:00,plateau_jos,15.4,3.0,10.1,94,14.8,32,0.0,100,21.8,0.28
2024-01-05 08:00:00,plateau_jos,19.1,117.0,5.4,98,13.0,26,0.0,100,21.6,0.28
2024-01-05 09:00:00,plateau_jos,22.3,343.0,8.2,75,18.4,18,0.0,100,21.4,0.28
2024-01-05 10:00:00,plateau_jos,24.3,552.0,10.2,67,24.5,17,0.0,100,21.4,0.28
2024-01-05 11:00:00,plateau_jos,25.9,729.0,9.8,66,25.6,16,0.0,35,21.4,0.28
2024-01-05 12:00:00,plateau_jos,27.3,863.0,8.4,65,25.6,15,0.0,78,21.6,0.28
2024-01-05 13:00:00,plateau_jos,28.5,908.0,7.9,60,23.8,15,0.0,29,21.9,0.28
2024-01-05 14:00:00,plateau_jos,29.2,864.0,7.1,60,21.6,14,0.0,100,22.3,0.28
2024-01-05 15:00:00,plateau_jos,29.4,743.0,7.9,60,22.0,14,0.0,100,22.7,0.28
2024-01-05 16:00:00,plateau_jos,29.0,563.0,10.0,60,23.4,14,0.0,100,23.0,0.28
2024-01-05 17:00:00,plateau_jos,27.7,327.0,12.7,55,25.6,15,0.0,98,23.3,0.28
2024-01-05 18:00:00,plateau_jos,24.8,114.0,11.2,48,25.9,18,0.0,100,23.6,0.279
2024-01-05 19:00:00,plateau_jos,21.1,2.0,10.4,70,20.2,27,0.0,97,23.7,0.279
2024-01-05 20:00:00,plateau_jos,21.1,0.0,6.6,139,13.0,26,0.0,93,23.8,0.279
2024-01-05 21:00:00,plateau_jos,21.4,0.0,6.8,122,8.6,24,0.0,15,23.8,0.279
2024-01-05 22:00:00,plateau_jos,18.6,0.0,11.6,95,14.4,29,0.0,10,23.7,0.279
2024-01-05 23:00:00,plateau_jos,18.3,0.0,10.0,69,15.8,27,0.0,0,23.6,0.279
2024-01-06 00:00:00,plateau_jos,17.1,0.0,9.9,80,14.8,29,0.0,0,23.4,0.279
2024-01-06 01:00:00,plateau_jos,16.1,0.0,11.8,78,15.1,34,0.0,0,23.3,0.279
2024-01-06 02:00:00,plateau_jos,15.8,0.0,12.1,73,15.5,35,0.0,0,23.1,0.279
2024-01-06 03:00:00,plateau_jos,15.8,0.0,11.6,74,15.1,34,0.0,0,22.8,0.279
2024-01-06 04:00:00,plateau_jos,16.1,0.0,11.2,84,14.8,32,0.0,0,22.6,0.279
2024-01-06 05:00:00,plateau_jos,15.1,0.0,12.0,83,14.8,33,0.0,0,22.4,0.279
2024-01-06 06:00:00,plateau_jos,14.1,0.0,13.1,81,16.6,34,0.0,0,22.1,0.279
2024-01-06 07:00:00,plateau_jos,14.1,2.0,12.3,83,16.6,37,0.0,0,21.9,0.279
2024-01-06 08:00:00,plateau_jos,19.4,117.0,7.2,84,15.8,24,0.0,0,21.6,0.279
2024-01-06 09:00:00,plateau_jos,22.5,347.0,9.7,68,20.9,18,0.0,1,21.5,0.279
2024-01-06 10:00:00,plateau_jos,24.6,572.0,12.4,64,28.1,16,0.0,1,21.5,0.279
2024-01-06 11:00:00,plateau_jos,26.2,751.0,12.6,63,29.5,15,0.0,0,21.5,0.279
2024-01-06 12:00:00,plateau_jos,27.5,866.0,11.1,54,29.5,15,0.0,0,21.7,0.279
2024-01-06 13:00:00,plateau_jos,28.3,905.0,10.2,42,28.4,15,0.0,0,22.0,0.279
2024-01-06 14:00:00,plateau_jos,28.7,867.0,9.9,33,26.3,15,0.0,41,22.4,0.279
2024-01-06 15:00:00,plateau_jos,28.8,751.0,10.4,34,26.3,15,0.0,35,22.7,0.279
2024-01-06 16:00:00,plateau_jos,28.4,569.0,11.3,37,26.3,15,0.0,31,23.1,0.279
2024-01-06 17:00:00,plateau_jos,27.4,348.0,11.8,38,25.6,15,0.0,2,23.4,0.279
2024-01-06 18:00:00,plateau_jos,24.7,118.0,8.8,35,24.1,18,0.0,0,23.6,0.279
2024-01-06 19:00:00,plateau_jos,21.5,2.0,8.4,59,15.5,23,0.0,0,23.8,0.279
2024-01-06 20:00:00,plateau_jos,20.0,0.0,10.5,74,14.4,26,0.0,0,23.8,0.279
2024-01-06 21:00:00,plateau_jos,19.3,0.0,10.6,80,15.1,26,0.0,0,23.8,0.279
2024-01-06 22:00:00,plateau_jos,18.7,0.0,10.4,70,15.1,25,0.0,0,23.7,0.279
2024-01-06 23:00:00,plateau_jos,18.0,0.0,9.4,58,15.1,26,0.0,0,23.6,0.279
2024-01-07 00:00:00,plateau_jos,16.2,0.0,12.1,73,15.5,31,0.0,0,23.4,0.279
2024-01-07 01:00:00,plateau_jos,15.7,0.0,12.2,92,15.8,33,0.0,0,23.2,0.279
2024-01-07 02:00:00,plateau_jos,16.2,0.0,10.8,92,14.0,31,0.0,0,23.0,0.279
2024-01-07 03:00:00,plateau_jos,17.5,0.0,9.4,94,13.7,28,0.0,0,22.8,0.279
2024-01-07 04:00:00,plateau_jos,17.9,0.0,9.0,88,11.9,26,0.0,0,22.6,0.279
2024-01-07 05:00:00,plateau_jos,16.6,0.0,10.1,90,12.6,28,0.0,0,22.3,0.279
2024-01-07 06:00:00,plateau_jos,16.3,0.0,10.9,82,13.3,27,0.0,0,22.0,0.279
2024-01-07 07:00:00,plateau_jos,15.8,2.0,10.5,84,13.3,30,0.0,0,21.8,0.279
2024-01-07 08:00:00,plateau_jos,19.1,119.0,5.5,67,13.3,27,0.0,0,21.5,0.279
2024-01-07 09:00:00,plateau_jos,22.1,355.0,9.9,46,21.2,17,0.0,0,21.4,0.279
2024-01-07 10:00:00,plateau_jos,23.8,584.0,12.3,52,28.1,16,0.0,0,21.3,0.279
2024-01-07 11:00:00,plateau_jos,25.6,768.0,12.7,61,29.9,15,0.0,0,21.4,0.279
2024-01-07 12:00:00,plateau_jos,27.3,886.0,11.6,64,29.9,14,0.0,0,21.5,0.279
2024-01-07 13:00:00,plateau_jos,28.3,926.0,11.0,52,29.2,13,0.0,0,21.8,0.279
2024-01-07 14:00:00,plateau_jos,28.6,885.0,12.3,50,29.5,13,0.0,0,22.1,0.279
2024-01-07 15:00:00,plateau_jos,28.5,769.0,12.0,44,29.5,13,0.0,0,22.5,0.279
2024-01-07 16:00:00,plateau_jos,27.9,587.0,11.7,43,28.4,13,0.0,0,22.8,0.279
2024-01-07 17:00:00,plateau_jos,26.7,359.0,12.2,45,26.6,14,0.0,0,23.1,0.279
2024-01-07 18:00:00,plateau_jos,23.9,123.0,9.5,53,24.8,18,0.0,0,23.3,0.279
2024-01-07 19:00:00,plateau_jos,21.3,3.0,8.0,63,17.3,21,0.0,0,23.5,0.279
2024-01-07 20:00:00,plateau_jos,19.9,0.0,8.2,67,14.0,23,0.0,0,23.5,0.279
2024-01-07 21:00:00,plateau_jos,18.2,0.0,10.8,75,14.4,25,0.0,0,23.5,0.279
2024-01-07 22:00:00,plateau_jos,17.0,0.0,12.3,69,15.8,28,0.0,0,23.4,0.279
2024-01-07 23:00:00,plateau_jos,16.9,0.0,11.3,73,16.2,28,0.0,0,23.3,0.279
2024-01-08 00:00:00,plateau_jos,16.8,0.0,10.8,69,14.4,27,0.0,0,23.1,0.279
2024-01-08 01:00:00,plateau_jos,16.5,0.0,10.4,76,13.3,28,0.0,0,22.9,0.279
2024-01-08 02:00:00,plateau_jos,17.8,0.0,9.2,69,11.5,25,0.0,0,22.7,0.279
2024-01-08 03:00:00,plateau_jos,16.9,0.0,9.7,68,12.2,26,0.0,0,22.5,0.279
2024-01-08 04:00:00,plateau_jos,16.2,0.0,10.1,84,12.6,27,0.0,0,22.2,0.279
2024-01-08 05:00:00,plateau_jos,15.7,0.0,10.1,84,12.6,27,0.0,0,22.0,0.279
2024-01-08 06:00:00,plateau_jos,15.3,0.0,9.4,86,12.6,27,0.0,0,21.7,0.279
2024-01-08 07:00:00,plateau_jos,14.7,2.0,9.4,92,11.9,30,0.0,0,21.4,0.279
2024-01-08 08:00:00,plateau_jos,18.0,118.0,5.0,90,11.5,24,0.0,0,21.2,0.279
2024-01-08 09:00:00,plateau_jos,21.7,352.0,5.7,72,14.8,16,0.0,4,21.0,0.279
2024-01-08 10:00:00,plateau_jos,24.4,581.0,8.1,69,21.2,14,0.0,21,21.0,0.279
2024-01-08 11:00:00,plateau_jos,26.5,763.0,7.6,65,22.7,13,0.0,44,21.1,0.279
2024-01-08 12:00:00,plateau_jos,28.1,878.0,6.9,47,22.3,12,0.0,44,21.3,0.279
2024-01-08 13:00:00,plateau_jos,29.3,922.0,8.5,36,24.1,10,0.0,26,21.6,0.279
2024-01-08 14:00:00,plateau_jos,29.6,879.0,11.1,29,27.7,9,0.0,86,21.9,0.279
2024-01-08 15:00:00,plateau_jos,29.5,764.0,12.4,30,29.2,8,0.0,88,22.3,0.279
2024-01-08 16:00:00,plateau_jos,28.9,588.0,12.6,31,29.2,8,0.0,16,22.6,0.279
2024-01-08 17:00:00,plateau_jos,27.8,362.0,12.2,34,27.7,9,0.0,95,23.0,0.279
2024-01-08 18:00:00,plateau_jos,24.3,123.0,7.2,37,24.5,13,0.0,3,23.2,0.279
2024-01-08 19:00:00,plateau_jos,22.2,3.0,9.3,54,16.2,14,0.0,17,23.4,0.279
2024-01-08 20:00:00,plateau_jos,21.4,0.0,10.4,56,18.0,15,0.0,99,23.4,0.279
2024-01-08 21:00:00,plateau_jos,19.6,0.0,8.4,59,18.0,17,0.0,29,23.4,0.279
2024-01-08 22:00:00,plateau_jos,18.1,0.0,8.1,69,14.4,19,0.0,0,23.4,0.279
2024-01-08 23:00:00,plateau_jos,16.6,0.0,8.6,75,14.0,23,0.0,0,23.3,0.279
2024-01-09 00:00:00,plateau_jos,15.2,0.0,11.1,77,14.4,28,0.0,0,23.1,0.279
2024-01-09 01:00:00,plateau_jos,15.6,0.0,10.4,90,15.1,28,0.0,0,23.0,0.279
2024-01-09 02:00:00,plateau_jos,16.9,0.0,9.4,90,14.0,24,0.0,0,22.7,0.279
2024-01-09 03:00:00,plateau_jos,16.4,0.0,9.3,106,12.2,24,0.0,0,22.5,0.279
2024-01-09 04:00:00,plateau_jos,15.8,0.0,8.7,120,11.9,24,0.0,3,22.2,0.279
2024-01-09 05:00:00,plateau_jos,16.3,0.0,7.1,131,11.2,22,0.0,1,22.0,0.279
2024-01-09 06:00:00,plateau_jos,18.5,0.0,6.1,118,9.0,17,0.0,0,21.7,0.279
2024-01-09 07:00:00,plateau_jos,17.0,2.0,6.8,108,8.6,21,0.0,0,21.4,0.279
2024-01-09 08:00:00,plateau_jos,18.4,119.0,3.3,103,8.6,26,0.0,0,21.1,0.279
2024-01-09 09:00:00,plateau_jos,22.2,356.0,4.3,66,12.6,15,0.0,0,21.0,0.279
2024-01-09 10:00:00,plateau_jos,24.8,588.0,6.4,63,18.7,12,0.0,0,20.9,0.279
2024-01-09 11:00:00,plateau_jos,26.8,773.0,5.7,55,19.1,11,0.0,0,21.0,0.279
2024-01-09 12:00:00,plateau_jos,28.3,892.0,7.6,45,22.3,9,0.0,0,21.2,0.279
2024-01-09 13:00:00,plateau_jos,29.2,933.0,9.2,39,25.2,9,0.0,0,21.5,0.279
2024-01-09 14:00:00,plateau_jos,29.7,895.0,11.0,38,27.7,9,0.0,0,21.9,0.279
2024-01-09 15:00:00,plateau_jos,29.5,778.0,13.2,35,29.9,9,0.0,0,22.3,0.279
2024-01-09 16:00:00,plateau_jos,28.7,594.0,14.5,35,31.0,10,0.0,0,22.7,0.279
2024-01-09 17:00:00,plateau_jos,27.4,364.0,13.2,35,31.0,10,0.0,0,23.0,0.279
2024-01-09 18:00:00,plateau_jos,24.5,126.0,11.9,35,26.6,12,0.0,0,23.3,0.279
2024-01-09 19:00:00,plateau_jos,22.1,3.0,11.0,41,22.0,13,0.0,14,23.5,0.279
2024-01-09 20:00:00,plateau_jos,19.4,0.0,8.9,58,19.1,17,0.0,67,23.5,0.279
2024-01-09 21:00:00,plateau_jos,18.3,0.0,10.5,74,14.0,20,0.0,0,23.5,0.279
2024-01-09 22:00:00,plateau_jos,16.7,0.0,11.9,76,14.8,22,0.0,0,23.4,0.279
2024-01-09 23:00:00,plateau_jos,16.0,0.0,12.3,58,15.8,23,0.0,0,23.3,0.279
2024-01-10 00:00:00,plateau_jos,15.5,0.0,12.2,66,16.2,25,0.0,10,23.1,0.279
2024-01-10 01:00:00,plateau_jos,16.3,0.0,10.8,75,15.1,23,0.0,0,22.9,0.279
2024-01-10 02:00:00,plateau_jos,16.2,0.0,10.9,81,15.1,23,0.0,0,22.7,0.279
2024-01-10 03:00:00,plateau_jos,15.8,0.0,11.2,84,14.0,23,0.0,0,22.5,0.279
2024-01-10 04:00:00,plateau_jos,14.8,0.0,12.0,69,15.1,23,0.0,0,22.2,0.279
2024-01-10 05:00:00,plateau_jos,14.1,0.0,11.9,65,15.1,23,0.0,0,21.9,0.279
2024-01-10 06:00:00,plateau_jos,13.8,0.0,11.5,70,15.1,23,0.0,0,21.6,0.279
2024-01-10 07:00:00,plateau_jos,13.2,2.0,12.0,69,14.8,27,0.0,0,21.3,0.279
2024-01-10 08:00:00,plateau_jos,17.6,117.0,8.6,57,15.8,18,0.0,0,21.1,0.279
2024-01-10 09:00:00,plateau_jos,20.1,354.0,11.5,51,24.5,14,0.0,0,20.9,0.279
2024-01-10 10:00:00,plateau_jos,21.9,585.0,13.8,51,30.6,12,0.0,1,20.8,0.279
2024-01-10 11:00:00,plateau_jos,23.5,771.0,14.8,49,33.5,12,0.0,73,20.9,0.279
2024-01-10 12:00:00,plateau_jos,24.9,891.0,14.0,46,33.8,12,0.0,74,21.0,0.279
2024-01-10 13:00:00,plateau_jos,26.1,933.0,12.3,40,33.1,11,0.0,83,21.2,0.279
2024-01-10 14:00:00,plateau_jos,26.8,894.0,12.0,39,31.3,11,0.0,88,21.6,0.279
2024-01-10 15:00:00,plateau_jos,27.0,779.0,11.3,37,29.5,10,0.0,69,21.9,0.279
2024-01-10 16:00:00,plateau_jos,26.6,598.0,11.8,38,27.7,10,0.0,13,22.2,0.279
2024-01-10 17:00:00,plateau_jos,25.5,368.0,11.8,38,26.6,10,0.0,3,22.5,0.279
2024-01-10 18:00:00,plateau_jos,22.5,129.0,7.2,37,23.8,14,0.0,0,22.8,0.279
2024-01-10 19:00:00,plateau_jos,19.7,4.0,7.7,49,13.3,16,0.0,1,22.9,0.279
2024-01-10 20:00:00,plateau_jos,17.8,0.0,10.2,58,14.4,20,0.0,0,22.9,0.279
2024-01-10 21:00:00,plateau_jos,17.0,0.0,10.6,66,15.1,20,0.0,0,22.9,0.279
2024-01-10 22:00:00,plateau_jos,15.6,0.0,12.6,70,16.2,24,0.0,0,22.8,0.279
2024-01-10 23:00:00,plateau_jos,14.9,0.0,13.0,62,16.6,25,0.0,0,22.6,0.279
2024-01-11 00:00:00,plateau_jos,14.9,0.0,12.1,67,16.6,25,0.0,0,22.4,0.279
2024-01-11 01:00:00,plateau_jos,14.3,0.0,12.2,66,15.5,27,0.0,0,22.2,0.279
2024-01-11 02:00:00,plateau_jos,14.2,0.0,12.0,74,14.8,28,0.0,0,22.0,0.279
2024-01-11 03:00:00,plateau_jos,13.3,0.0,13.1,74,16.2,30,0.0,0,21.8,0.279
2024-01-11 04:00:00,plateau_jos,12.9,0.0,13.2,73,17.3,29,0.0,0,21.5,0.279
2024-01-11 05:00:00,plateau_jos,13.1,0.0,11.8,70,17.3,26,0.0,0,21.3,0.279
2024-01-11 06:00:00,plateau_jos,12.4,0.0,12.3,75,16.6,26,0.0,0,21.0,0.279
2024-01-11 07:00:00,plateau_jos,12.1,2.0,11.9,76,16.6,30,0.0,0,20.8,0.279
2024-01-11 08:00:00,plateau_jos,17.2,116.0,8.9,69,15.8,20,0.0,3,20.5,0.279
2024-01-11 09:00:00,plateau_jos,20.1,352.0,11.9,55,24.8,15,0.0,40,20.4,0.279
2024-01-11 10:00:00,plateau_jos,22.1,584.0,14.1,52,31.0,13,0.0,42,20.3,0.279
2024-01-11 11:00:00,plateau_jos,23.9,770.0,14.6,52,33.1,13,0.0,60,20.4,0.279
2024-01-11 12:00:00,plateau_jos,25.5,890.0,14.6,50,34.2,12,0.0,65,20.5,0.279
2024-01-11 13:00:00,plateau_jos,26.7,933.0,14.8,47,34.6,11,0.0,78,20.8,0.279
2024-01-11 14:00:00,plateau_jos,27.1,893.0,15.0,44,36.0,11,0.0,36,21.1,0.279
2024-01-11 15:00:00,plateau_jos,27.3,779.0,14.8,45,34.2,11,0.0,29,21.4,0.279
2024-01-11 16:00:00,plateau_jos,26.9,598.0,13.2,45,33.1,11,0.0,49,21.8,0.279
2024-01-11 17:00:00,plateau_jos,25.9,369.0,12.5,49,28.8,12,0.0,0,22.1,0.279
2024-01-11 18:00:00,plateau_jos,22.9,130.0,7.9,51,24.8,15,0.0,0,22.3,0.279
2024-01-11 19:00:00,plateau_jos,19.1,4.0,10.3,61,14.4,21,0.0,0,22.4,0.279
2024-01-11 20:00:00,plateau_jos,17.9,0.0,11.8,70,15.1,24,0.0,0,22.5,0.279
2024-01-11 21:00:00,plateau_jos,17.0,0.0,11.3,81,15.1,23,0.0,0,22.5,0.279
2024-01-11 22:00:00,plateau_jos,15.9,0.0,12.7,75,15.8,26,0.0,0,22.4,0.279
2024-01-11 23:00:00,plateau_jos,15.0,0.0,13.0,76,16.2,27,0.0,1,22.2,0.279
2024-01-12 00:00:00,plateau_jos,14.6,0.0,12.6,77,16.6,28,0.0,0,22.1,0.279
2024-01-12 01:00:00,plateau_jos,14.9,0.0,11.5,76,15.5,27,0.0,0,21.9,0.279
2024-01-12 02:00:00,plateau_jos,16.1,0.0,10.0,64,13.0,26,0.0,0,21.7,0.279
2024-01-12 03:00:00,plateau_jos,15.8,0.0,10.2,67,12.6,26,0.0,0,21.5,0.279
2024-01-12 04:00:00,plateau_jos,14.5,0.0,11.0,71,13.7,28,0.0,0,21.3,0.279
2024-01-12 05:00:00,plateau_jos,12.8,0.0,12.8,68,15.5,31,0.0,0,21.0,0.279
2024-01-12 06:00:00,plateau_jos,12.0,0.0,12.8,68,17.3,31,0.0,0,20.7,0.279
2024-01-12 07:00:00,plateau_jos,12.0,2.0,11.8,70,16.9,32,0.0,0,20.5,0.279
2024-01-12 08:00:00,plateau_jos,16.7,116.0,9.4,67,16.2,24,0.0,0,20.2,0.279
2024-01-12 09:00:00,plateau_jos,19.6,353.0,11.3,59,24.5,19,0.0,5,20.1,0.279
2024-01-12 10:00:00,plateau_jos,21.8,586.0,13.0,56,29.5,17,0.0,67,20.0,0.279
2024-01-12 11:00:00,plateau_jos,23.6,772.0,13.4,54,31.3,16,0.0,61,20.1,0.279
2024-01-12 12:00:00,plateau_jos,25.1,892.0,12.3,50,31.7,15,0.0,11,20.3,0.279
2024-01-12 13:00:00,plateau_jos,26.4,935.0,10.4,44,30.2,14,0.0,29,20.5,0.279
2024-01-12 14:00:00,plateau_jos,26.7,898.0,12.1,37,31.0,13,0.0,0,20.8,0.279
2024-01-12 15:00:00,plateau_jos,26.8,783.0,12.3,32,30.2,12,0.0,14,21.1,0.279
2024-01-12 16:00:00,plateau_jos,26.3,600.0,12.4,36,29.2,12,0.0,17,21.5,0.279
2024-01-12 17:00:00,plateau_jos,25.2,371.0,13.1,37,27.7,13,0.0,3,21.8,0.279
2024-01-12 18:00:00,plateau_jos,22.7,132.0,10.8,37,26.6,15,0.0,0,22.0,0.279
2024-01-12 19:00:00,plateau_jos,20.5,4.0,10.2,48,20.2,16,0.0,0,22.2,0.279
2024-01-12 20:00:00,plateau_jos,19.3,0.0,9.9,57,18.0,18,0.0,0,22.3,0.279
2024-01-12 21:00:00,plateau_jos,17.7,0.0,8.4,70,17.6,20,0.0,0,22.3,0.279
2024-01-12 22:00:00,plateau_jos,16.1,0.0,11.0,79,15.1,24,0.0,0,22.2,0.279
2024-01-12 23:00:00,plateau_jos,15.4,0.0,11.0,71,15.1,25,0.0,0,22.1,0.279
2024-01-13 00:00:00,plateau_jos,14.2,0.0,12.2,76,15.8,29,0.0,0,21.9,0.279
2024-01-13 01:00:00,plateau_jos,14.1,0.0,12.3,75,15.8,29,0.0,0,21.8,0.279
2024-01-13 02:00:00,plateau_jos,13.7,0.0,12.9,77,16.6,29,0.0,0,21.6,0.279
2024-01-13 03:00:00,plateau_jos,13.4,0.0,13.0,76,16.9,26,0.0,0,21.4,0.279
2024-01-13 04:00:00,plateau_jos,12.9,0.0,13.4,76,17.3,26,0.0,0,21.1,0.279
2024-01-13 05:00:00,plateau_jos,13.1,0.0,12.3,75,16.6,24,0.0,0,20.9,0.279
2024-01-13 06:00:00,plateau_jos,13.6,0.0,11.1,77,15.5,22,0.0,0,20.6,0.279
2024-01-13 07:00:00,plateau_jos,12.8,2.0,11.4,77,14.0,27,0.0,0,20.4,0.279
2024-01-13 08:00:00,plateau_jos,16.8,114.0,6.2,69,14.0,20,0.0,0,20.1,0.279
2024-01-13 09:00:00,plateau_jos,19.7,349.0,10.0,60,21.6,15,0.0,0,20.0,0.279
2024-01-13 10:00:00,plateau_jos,21.8,581.0,12.5,57,28.4,13,0.0,0,19.9,0.279
2024-01-13 11:00:00,plateau_jos,23.6,768.0,13.2,55,31.3,13,0.0,0,20.0,0.279
2024-01-13 12:00:00,plateau_jos,25.0,889.0,13.8,49,32.8,12,0.0,0,20.2,0.279
2024-01-13 13:00:00,plateau_jos,26.2,933.0,13.5,48,32.8,11,0.0,0,20.4,0.279
2024-01-13 14:00:00,plateau_jos,27.1,897.0,11.7,45,30.2,11,0.0,0,20.8,0.279
2024-01-13 15:00:00,plateau_jos,27.3,784.0,11.7,43,29.2,11,0.0,0,21.2,0.279
2024-01-13 16:00:00,plateau_jos,26.9,603.0,12.0,41,28.1,10,0.0,0,21.5,0.279
2024-01-13 17:00:00,plateau_jos,25.7,374.0,13.0,42,27.0,11,0.0,0,21.9,0.279
2024-01-13 18:00:00,plateau_jos,23.1,135.0,10.7,45,26.3,13,0.0,0,22.1,0.279
2024-01-13 19:00:00,plateau_jos,20.5,4.0,9.2,51,19.4,15,0.0,0,22.3,0.279
2024-01-13 20:00:00,plateau_jos,19.0,0.0,8.2,61,16.2,17,0.0,0,22.3,0.279
2024-01-13 21:00:00,plateau_jos,17.7,0.0,8.1,69,14.0,19,0.0,0,22.3,0.279
2024-01-13 22:00:00,plateau_jos,16.9,0.0,8.4,70,14.0,21,0.0,0,22.3,0.279
2024-01-13 23:00:00,plateau_jos,15.7,0.0,10.0,75,14.4,24,0.0,0,22.2,0.279
2024-01-14 00:00:00,plateau_jos,14.9,0.0,11.8,78,16.2,27,0.0,0,22.0,0.279
2024-01-14 01:00:00,plateau_jos,15.0,0.0,11.3,83,15.1,26,0.0,0,21.8,0.279
2024-01-14 02:00:00,plateau_jos,14.3,0.0,11.6,68,14.4,27,0.0,0,21.7,0.279
2024-01-14 03:00:00,plateau_jos,13.2,0.0,12.8,74,15.8,27,0.0,0,21.4,0.279
2024-01-14 04:00:00,plateau_jos,13.7,0.0,9.7,63,16.9,22,0.0,0,21.2,0.279
2024-01-14 05:00:00,plateau_jos,13.6,0.0,8.7,60,15.5,21,0.0,0,21.0,0.279
2024-01-14 06:00:00,plateau_jos,12.0,0.0,11.4,72,15.1,23,0.0,0,20.7,0.279
2024-01-14 07:00:00,plateau_jos,11.5,2.0,12.3,75,16.6,28,0.0,0,20.5,0.279
2024-01-14 08:00:00,plateau_jos,16.6,113.0,9.3,62,15.8,17,0.0,0,20.3,0.279
2024-01-14 09:00:00,plateau_jos,19.0,348.0,12.2,56,25.9,13,0.0,0,20.1,0.279
2024-01-14 10:00:00,plateau_jos,21.1,581.0,12.8,58,29.2,12,0.0,0,20.1,0.279
2024-01-14 11:00:00,plateau_jos,23.0,768.0,13.7,55,32.0,11,0.0,0,20.1,0.279
2024-01-14 12:00:00,plateau_jos,24.5,890.0,13.6,50,32.8,11,0.0,0,20.3,0.279
2024-01-14 13:00:00,plateau_jos,25.7,935.0,13.0,48,32.4,11,0.0,0,20.5,0.279
2024-01-14 14:00:00,plateau_jos,26.4,901.0,11.7,43,30.6,11,0.0,0,20.9,0.279
2024-01-14 15:00:00,plateau_jos,26.6,788.0,11.3,37,29.2,11,0.0,0,21.3,0.279
2024-01-14 16:00:00,plateau_jos,26.2,606.0,12.0,33,27.7,11,0.0,0,21.6,0.279
2024-01-14 17:00:00,plateau_jos,25.0,377.0,13.1,32,27.4,11,0.0,0,22.0,0.279
2024-01-14 18:00:00,plateau_jos,22.3,137.0,10.4,34,26.6,13,0.0,0,22.2,0.279
2024-01-14 19:00:00,plateau_jos,19.9,5.0,9.9,46,19.1,14,0.0,0,22.3,0.279
2024-01-14 20:00:00,plateau_jos,18.5,0.0,9.2,51,17.6,15,0.0,0,22.4,0.279
2024-01-14 21:00:00,plateau_jos,17.2,0.0,8.6,57,16.2,16,0.0,0,22.4,0.279
2024-01-14 22:00:00,plateau_jos,16.5,0.0,8.4,59,15.5,17,0.0,0,22.3,0.279
2024-01-14 23:00:00,plateau_jos,15.0,0.0,8.6,68,14.4,19,0.0,0,22.2,0.279
2024-01-15 00:00:00,plateau_jos,14.2,0.0,9.4,72,14.0,20,0.0,0,22.0,0.279
2024-01-15 01:00:00,plateau_jos,13.8,0.0,9.4,67,14.4,21,0.0,0,21.8,0.279
2024-01-15 02:00:00,plateau_jos,13.2,0.0,10.5,82,16.9,23,0.0,0,21.7,0.279
2024-01-15 03:00:00,plateau_jos,12.8,0.0,10.9,81,15.5,23,0.0,0,21.4,0.279
2024-01-15 04:00:00,plateau_jos,13.1,0.0,9.2,69,15.5,21,0.0,0,21.2,0.279
2024-01-15 05:00:00,plateau_jos,13.4,0.0,9.5,65,16.6,21,0.0,0,21.0,0.279
2024-01-15 06:00:00,plateau_jos,12.7,0.0,8.9,69,16.9,23,0.0,0,20.7,0.279
2024-01-15 07:00:00,plateau_jos,12.2,2.0,8.7,73,15.8,24,0.0,0,20.5,0.279
2024-01-15 08:00:00,plateau_jos,14.7,112.0,12.6,70,20.9,21,0.0,0,20.3,0.279
2024-01-15 09:00:00,plateau_jos,17.2,348.0,13.4,66,27.7,17,0.0,0,20.1,0.279
2024-01-15 10:00:00,plateau_jos,19.5,581.0,15.0,66,32.8,15,0.0,56,20.0,0.279
2024-01-15 11:00:00,plateau_jos,21.6,769.0,16.1,66,36.0,14,0.0,85,20.1,0.279
2024-01-15 12:00:00,plateau_jos,23.6,891.0,15.2,68,36.4,13,0.0,16,20.2,0.279
2024-01-15 13:00:00,plateau_jos,25.4,937.0,13.5,74,34.9,12,0.0,0,20.4,0.279
2024-01-15 14:00:00,plateau_jos,26.3,904.0,12.6,66,33.5,12,0.0,0,20.7,0.279
2024-01-15 15:00:00,plateau_jos,26.7,791.0,12.2,56,30.2,11,0.0,0,21.1,0.279
2024-01-15 16:00:00,plateau_jos,26.0,609.0,13.5,48,29.9,12,0.0,0,21.4,0.279
2024-01-15 17:00:00,plateau_jos,24.5,378.0,14.5,46,30.2,13,0.0,0,21.7,0.279
2024-01-15 18:00:00,plateau_jos,22.0,138.0,11.5,46,28.8,16,0.0,0,21.9,0.279
2024-01-15 19:00:00,plateau_jos,19.5,5.0,11.2,48,20.5,18,0.0,0,22.1,0.279
2024-01-15 20:00:00,plateau_jos,18.2,0.0,10.6,55,19.8,20,0.0,0,22.1,0.279
2024-01-15 21:00:00,plateau_jos,17.2,0.0,10.8,64,19.4,22,0.0,0,22.1,0.279
2024-01-15 22:00:00,plateau_jos,16.4,0.0,10.2,67,19.1,24,0.0,6,22.1,0.279
2024-01-15 23:00:00,plateau_jos,15.2,0.0,7.9,74,18.0,26,0.0,39,22.0,0.279
2024-01-16 00:00:00,plateau_jos,13.9,0.0,9.2,79,14.0,29,0.0,0,21.8,0.279
2024-01-16 01:00:00,plateau_jos,13.2,0.0,10.2,80,14.4,29,0.0,0,21.6,0.279
2024-01-16 02:00:00,plateau_jos,12.7,0.0,10.9,82,16.2,32,0.0,0,21.5,0.279
2024-01-16 03:00:00,plateau_jos,12.4,0.0,11.2,75,15.1,31,0.0,0,21.2,0.279
2024-01-16 04:00:00,plateau_jos,12.4,0.0,9.9,71,15.1,29,0.0,0,21.0,0.279
2024-01-16 05:00:00,plateau_jos,12.1,0.0,9.2,69,14.4,28,0.0,0,20.8,0.279
2024-01-16 06:00:00,plateau_jos,12.0,0.0,8.4,70,14.4,28,0.0,0,20.5,0.279
2024-01-16 07:00:00,plateau_jos,11.6,2.0,8.3,72,14.0,30,0.0,0,20.3,0.279
2024-01-16 08:00:00,plateau_jos,14.9,112.0,13.2,68,20.2,25,0.0,0,20.0,0.279
2024-01-16 09:00:00,plateau_jos,17.4,348.0,13.7,63,28.4,22,0.0,0,19.9,0.279
2024-01-16 10:00:00,plateau_jos,20.0,582.0,14.7,73,32.4,19,0.0,93,19.8,0.279
2024-01-16 11:00:00,plateau_jos,22.7,772.0,14.4,77,33.1,16,0.0,19,19.9,0.279
2024-01-16 12:00:00,plateau_jos,24.8,896.0,13.8,70,33.1,15,0.0,0,20.0,0.279
2024-01-16 13:00:00,plateau_jos,25.8,942.0,13.8,62,33.8,14,0.0,55,20.3,0.279
2024-01-16 14:00:00,plateau_jos,26.3,908.0,11.6,60,32.4,13,0.0,23,20.6,0.279
2024-01-16 15:00:00,plateau_jos,26.8,795.0,11.1,54,29.2,13,0.0,0,20.9,0.279
2024-01-16 16:00:00,plateau_jos,26.2,612.0,12.3,50,28.1,14,0.0,0,21.3,0.279
2024-01-16 17:00:00,plateau_jos,24.8,380.0,14.1,52,28.4,15,0.0,0,21.6,0.279
2024-01-16 18:00:00,plateau_jos,22.4,140.0,11.8,52,28.1,17,0.0,0,21.8,0.279
2024-01-16 19:00:00,plateau_jos,19.9,5.0,11.0,58,22.0,20,0.0,0,22.0,0.279
2024-01-16 20:00:00,plateau_jos,18.4,0.0,8.7,60,19.4,22,0.0,21,22.0,0.279
2024-01-16 21:00:00,plateau_jos,17.6,0.0,9.7,63,16.9,23,0.0,14,22.0,0.279
2024-01-16 22:00:00,plateau_jos,16.7,0.0,9.7,63,18.0,25,0.0,0,22.0,0.279
2024-01-16 23:00:00,plateau_jos,15.4,0.0,7.9,66,17.3,28,0.0,0,21.9,0.279
2024-01-17 00:00:00,plateau_jos,14.2,0.0,8.1,77,14.0,31,0.0,0,21.7,0.279
2024-01-17 01:00:00,plateau_jos,13.4,0.0,9.3,77,14.0,32,0.0,0,21.6,0.279
2024-01-17 02:00:00,plateau_jos,13.0,0.0,10.4,76,16.6,33,0.0,0,21.4,0.279
2024-01-17 03:00:00,plateau_jos,12.5,0.0,11.1,77,15.1,33,0.0,0,21.2,0.279
2024-01-17 04:00:00,plateau_jos,12.0,0.0,11.0,79,15.1,32,0.0,0,21.0,0.279
2024-01-17 05:00:00,plateau_jos,11.0,0.0,12.4,82,15.8,35,0.0,0,20.7,0.279
2024-01-17 06:00:00,plateau_jos,10.6,0.0,12.3,87,15.5,36,0.0,0,20.5,0.279
2024-01-17 07:00:00,plateau_jos,10.6,2.0,11.6,97,15.5,39,0.0,0,20.2,0.279
2024-01-17 08:00:00,plateau_jos,15.6,111.0,6.9,99,14.8,27,0.0,0,20.0,0.279
2024-01-17 09:00:00,plateau_jos,18.9,348.0,8.3,72,19.1,21,0.0,0,19.8,0.279
2024-01-17 10:00:00,plateau_jos,21.4,584.0,10.5,68,25.6,18,0.0,0,19.8,0.278
2024-01-17 11:00:00,plateau_jos,23.2,774.0,11.8,63,28.8,16,0.0,0,19.8,0.278
2024-01-17 12:00:00,plateau_jos,24.8,897.0,10.4,56,28.8,15,0.0,0,20.0,0.278
2024-01-17 13:00:00,plateau_jos,25.9,943.0,10.4,46,28.1,14,0.0,0,20.3,0.278
2024-01-17 14:00:00,plateau_jos,26.3,908.0,12.2,43,30.6,14,0.0,0,20.7,0.278
2024-01-17 15:00:00,plateau_jos,26.3,793.0,13.2,43,31.3,14,0.0,0,21.0,0.278
2024-01-17 16:00:00,plateau_jos,25.7,611.0,12.7,43,31.0,14,0.0,0,21.4,0.278
2024-01-17 17:00:00,plateau_jos,24.6,381.0,12.9,36,28.8,15,0.0,0,21.7,0.278
2024-01-17 18:00:00,plateau_jos,22.4,141.0,11.0,32,26.6,17,0.0,0,21.9,0.278
2024-01-17 19:00:00,plateau_jos,19.6,6.0,8.8,55,20.5,20,0.0,0,22.1,0.278
2024-01-17 20:00:00,plateau_jos,18.0,0.0,7.8,68,15.5,22,0.0,0,22.1,0.278
2024-01-17 21:00:00,plateau_jos,17.1,0.0,8.0,72,13.7,23,0.0,0,22.1,0.278
2024-01-17 22:00:00,plateau_jos,16.1,0.0,7.9,74,13.3,25,0.0,0,22.0,0.278
2024-01-17 23:00:00,plateau_jos,14.7,0.0,9.3,74,13.7,27,0.0,0,21.9,0.278
2024-01-18 00:00:00,plateau_jos,13.3,0.0,11.6,74,15.1,32,0.0,0,21.8,0.278
2024-01-18 01:00:00,plateau_jos,12.6,0.0,12.1,73,15.5,33,0.0,0,21.6,0.278
2024-01-18 02:00:00,plateau_jos,12.7,0.0,11.5,76,14.8,33,0.0,0,21.4,0.278
2024-01-18 03:00:00,plateau_jos,11.6,0.0,12.6,77,16.2,35,0.0,0,21.1,0.278
2024-01-18 04:00:00,plateau_jos,11.2,0.0,13.2,79,16.6,35,0.0,0,20.9,0.278
2024-01-18 05:00:00,plateau_jos,10.8,0.0,13.1,82,16.6,33,0.0,0,20.6,0.278
2024-01-18 06:00:00,plateau_jos,10.7,0.0,12.3,83,16.2,33,0.0,0,20.4,0.278
2024-01-18 07:00:00,plateau_jos,10.7,2.0,11.9,85,15.5,36,0.0,0,20.1,0.278
2024-01-18 08:00:00,plateau_jos,15.5,112.0,7.2,90,14.8,24,0.0,0,19.8,0.278
2024-01-18 09:00:00,plateau_jos,18.8,351.0,10.4,70,22.3,17,0.0,0,19.7,0.278
2024-01-18 10:00:00,plateau_jos,20.9,588.0,12.6,63,28.8,15,0.0,0,19.6,0.278
2024-01-18 11:00:00,plateau_jos,22.6,779.0,12.6,59,30.6,14,0.0,0,19.7,0.278
2024-01-18 12:00:00,plateau_jos,24.2,903.0,11.8,59,30.6,14,0.0,0,19.8,0.278
2024-01-18 13:00:00,plateau_jos,25.5,951.0,11.1,54,29.9,13,0.0,0,20.1,0.278
2024-01-18 14:00:00,plateau_jos,26.2,916.0,11.4,55,29.2,13,0.0,0,20.3,0.278
2024-01-18 15:00:00,plateau_jos,26.4,803.0,11.2,50,28.8,13,0.0,0,20.7,0.278
2024-01-18 16:00:00,plateau_jos,25.9,620.0,12.0,49,27.7,13,0.0,0,21.0,0.278
2024-01-18 17:00:00,plateau_jos,24.8,388.0,12.8,52,27.4,14,0.0,0,21.4,0.278
2024-01-18 18:00:00,plateau_jos,22.4,145.0,10.2,51,26.3,16,0.0,0,21.6,0.278
2024-01-18 19:00:00,plateau_jos,19.5,6.0,9.0,61,18.7,19,0.0,0,21.8,0.278
2024-01-18 20:00:00,plateau_jos,17.9,0.0,8.1,69,15.8,21,0.0,0,21.8,0.278
2024-01-18 21:00:00,plateau_jos,16.9,0.0,8.4,83,14.0,22,0.0,0,21.8,0.278
2024-01-18 22:00:00,plateau_jos,15.7,0.0,10.1,86,14.4,23,0.0,0,21.8,0.278
2024-01-18 23:00:00,plateau_jos,14.5,0.0,12.4,82,15.8,26,0.0,0,21.7,0.278
2024-01-19 00:00:00,plateau_jos,14.7,0.0,11.4,77,15.8,26,0.0,0,21.5,0.278
2024-01-19 01:00:00,plateau_jos,15.3,0.0,9.8,84,14.0,24,0.0,0,21.3,0.278
2024-01-19 02:00:00,plateau_jos,15.3,0.0,9.4,83,11.5,24,0.0,0,21.1,0.278
2024-01-19 03:00:00,plateau_jos,14.6,0.0,10.2,82,12.6,26,0.0,0,20.9,0.278
2024-01-19 04:00:00,plateau_jos,13.8,0.0,11.3,83,13.7,27,0.0,0,20.6,0.278
2024-01-19 05:00:00,plateau_jos,13.3,0.0,11.6,83,14.4,27,0.0,0,20.4,0.278
2024-01-19 06:00:00,plateau_jos,13.0,0.0,11.6,83,14.4,26,0.0,0,20.1,0.278
2024-01-19 07:00:00,plateau_jos,12.7,1.0,11.6,85,14.8,28,0.0,0,19.9,0.278
2024-01-19 08:00:00,plateau_jos,16.8,110.0,6.3,77,14.4,22,0.0,0,19.6,0.278
2024-01-19 09:00:00,plateau_jos,20.0,347.0,9.3,62,20.5,15,0.0,0,19.5,0.278
2024-01-19 10:00:00,plateau_jos,22.5,583.0,10.5,68,24.8,13,0.0,0,19.4,0.278
2024-01-19 11:00:00,plateau_jos,24.6,774.0,9.4,67,25.2,12,0.0,0,19.5,0.278
2024-01-19 12:00:00,plateau_jos,26.4,898.0,7.9,60,24.8,12,0.0,0,19.7,0.278
2024-01-19 13:00:00,plateau_jos,27.8,944.0,7.4,51,23.8,12,0.0,0,20.0,0.278
2024-01-19 14:00:00,plateau_jos,28.0,906.0,10.4,44,27.4,12,0.0,0,20.3,0.278
2024-01-19 15:00:00,plateau_jos,27.8,793.0,12.7,43,29.9,12,0.0,0,20.7,0.278
2024-01-19 16:00:00,plateau_jos,27.1,611.0,13.8,43,31.0,13,0.0,0,21.1,0.278
2024-01-19 17:00:00,plateau_jos,25.9,383.0,13.8,41,30.6,13,0.0,0,21.5,0.278
2024-01-19 18:00:00,plateau_jos,23.6,143.0,10.1,35,27.7,15,0.0,0,21.8,0.278
2024-01-19 19:00:00,plateau_jos,20.9,6.0,10.4,44,19.1,17,0.0,0,22.0,0.278
2024-01-19 20:00:00,plateau_jos,18.8,0.0,7.9,60,18.4,20,0.0,0,22.0,0.278
2024-01-19 21:00:00,plateau_jos,17.5,0.0,9.2,64,13.3,22,0.0,0,22.1,0.278
2024-01-19 22:00:00,plateau_jos,16.1,0.0,11.8,78,14.8,25,0.0,0,22.0,0.278
2024-01-19 23:00:00,plateau_jos,15.9,0.0,11.2,75,14.8,25,0.0,0,21.9,0.278
2024-01-20 00:00:00,plateau_jos,16.8,0.0,8.3,92,13.7,23,0.0,0,21.8,0.278
2024-01-20 01:00:00,plateau_jos,18.0,0.0,6.2,97,10.4,20,0.0,0,21.6,0.278
2024-01-20 02:00:00,plateau_jos,17.1,0.0,6.8,90,8.6,22,0.0,0,21.4,0.278
2024-01-20 03:00:00,plateau_jos,16.7,0.0,6.8,90,8.6,23,0.0,0,21.2,0.278
2024-01-20 04:00:00,plateau_jos,15.3,0.0,7.6,93,9.4,26,0.0,0,21.0,0.278
2024-01-20 05:00:00,plateau_jos,15.1,0.0,8.0,98,9.7,25,0.0,0,20.8,0.278
2024-01-20 06:00:00,plateau_jos,14.1,0.0,9.7,88,11.9,27,0.0,0,20.6,0.278
2024-01-20 07:00:00,plateau_jos,14.0,1.0,9.4,86,11.9,29,0.0,0,20.3,0.278
2024-01-20 08:00:00,plateau_jos,17.4,106.0,6.3,77,12.2,23,0.0,0,20.1,0.278
2024-01-20 09:00:00,plateau_jos,20.6,338.0,9.4,58,20.5,16,0.0,0,20.0,0.278
2024-01-20 10:00:00,plateau_jos,22.8,570.0,11.3,53,26.6,14,0.0,0,19.9,0.278
2024-01-20 11:00:00,plateau_jos,24.6,759.0,11.3,53,28.4,14,0.0,0,20.0,0.278
2024-01-20 12:00:00,plateau_jos,26.2,883.0,10.7,45,28.4,14,0.0,0,20.2,0.278
2024-01-20 13:00:00,plateau_jos,27.3,930.0,9.8,36,27.7,14,0.0,0,20.5,0.278
2024-01-20 14:00:00,plateau_jos,27.8,901.0,9.8,24,26.6,13,0.0,0,20.7,0.278
2024-01-20 15:00:00,plateau_jos,28.0,789.0,10.0,21,26.6,13,0.0,0,21.1,0.278
2024-01-20 16:00:00,plateau_jos,27.6,611.0,11.1,25,26.3,12,0.0,0,21.5,0.278
2024-01-20 17:00:00,plateau_jos,26.5,384.0,12.2,34,25.9,12,0.0,0,21.8,0.278
2024-01-20 18:00:00,plateau_jos,23.9,145.0,10.9,46,25.2,14,0.0,0,22.1,0.278
2024-01-20 19:00:00,plateau_jos,21.4,6.0,11.7,45,20.2,14,0.0,0,22.3,0.278
2024-01-20 20:00:00,plateau_jos,20.0,0.0,10.2,48,20.5,15,0.0,0,22.4,0.278
2024-01-20 21:00:00,plateau_jos,18.5,0.0,8.7,52,18.4,17,0.0,0,22.4,0.278
2024-01-20 22:00:00,plateau_jos,17.1,0.0,7.7,62,15.5,20,0.0,0,22.4,0.278
2024-01-20 23:00:00,plateau_jos,15.8,0.0,9.5,65,14.0,23,0.0,0,22.3,0.278
2024-01-21 00:00:00,plateau_jos,14.4,0.0,11.4,72,14.8,27,0.0,0,22.1,0.278
2024-01-21 01:00:00,plateau_jos,13.9,0.0,11.5,86,15.5,29,0.0,0,21.9,0.278
2024-01-21 02:00:00,plateau_jos,14.8,0.0,10.5,94,13.0,27,0.0,0,21.8,0.278
2024-01-21 03:00:00,plateau_jos,14.6,0.0,10.4,104,13.3,26,0.0,0,21.5,0.278
2024-01-21 04:00:00,plateau_jos,14.1,0.0,10.8,111,13.3,25,0.0,0,21.3,0.278
2024-01-21 05:00:00,plateau_jos,13.3,0.0,11.1,115,14.0,25,0.0,0,21.0,0.278
2024-01-21 06:00:00,plateau_jos,13.0,0.0,11.4,114,14.4,25,0.0,0,20.8,0.278
2024-01-21 07:00:00,plateau_jos,12.9,1.0,12.7,97,15.5,28,0.0,0,20.5,0.278
2024-01-21 08:00:00,plateau_jos,17.5,112.0,6.5,90,15.8,23,0.0,0,20.3,0.278
2024-01-21 09:00:00,plateau_jos,21.3,354.0,10.6,72,22.0,14,0.0,0,20.1,0.278
2024-01-21 10:00:00,plateau_jos,23.3,595.0,12.1,67,27.7,13,0.0,0,20.0,0.278
2024-01-21 11:00:00,plateau_jos,25.1,788.0,12.6,63,29.9,12,0.0,0,20.1,0.278
2024-01-21 12:00:00,plateau_jos,26.6,915.0,12.4,54,30.6,11,0.0,0,20.3,0.278
2024-01-21 13:00:00,plateau_jos,27.6,962.0,12.7,45,31.0,10,0.0,0,20.6,0.278
2024-01-21 14:00:00,plateau_jos,28.1,926.0,13.6,40,32.0,9,0.0,0,20.8,0.278
2024-01-21 15:00:00,plateau_jos,28.1,812.0,13.0,39,32.0,9,0.0,0,21.2,0.278
2024-01-21 16:00:00,plateau_jos,27.6,629.0,12.7,43,30.6,9,0.0,0,21.6,0.278
2024-01-21 17:00:00,plateau_jos,26.5,397.0,13.0,44,28.4,9,0.0,0,21.9,0.278
2024-01-21 18:00:00,plateau_jos,23.9,151.0,11.2,45,26.6,12,0.0,0,22.2,0.278
2024-01-21 19:00:00,plateau_jos,21.2,7.0,10.5,52,20.5,14,0.0,0,22.3,0.278
2024-01-21 20:00:00,plateau_jos,19.4,0.0,8.8,55,18.4,16,0.0,0,22.4,0.278
2024-01-21 21:00:00,plateau_jos,17.8,0.0,8.2,67,15.5,18,0.0,0,22.4,0.278
2024-01-21 22:00:00,plateau_jos,17.4,0.0,8.5,62,15.1,19,0.0,0,22.4,0.278
2024-01-21 23:00:00,plateau_jos,15.4,0.0,11.0,67,14.8,24,0.0,0,22.3,0.278
2024-01-22 00:00:00,plateau_jos,14.6,0.0,12.1,73,16.2,26,0.0,0,22.1,0.278
2024-01-22 01:00:00,plateau_jos,15.4,0.0,10.9,84,15.5,24,0.0,0,21.9,0.278
2024-01-22 02:00:00,plateau_jos,14.8,0.0,12.0,83,15.1,25,0.0,0,21.7,0.278
2024-01-22 03:00:00,plateau_jos,14.1,0.0,12.8,79,15.8,25,0.0,0,21.5,0.278
2024-01-22 04:00:00,plateau_jos,12.8,0.0,14.2,69,18.0,27,0.0,0,21.2,0.278
2024-01-22 05:00:00,plateau_jos,12.4,0.0,14.0,64,18.0,27,0.0,0,21.0,0.278
2024-01-22 06:00:00,plateau_jos,12.2,0.0,13.2,64,18.0,26,0.0,0,20.7,0.278
2024-01-22 07:00:00,plateau_jos,12.0,1.0,12.4,73,17.3,28,0.0,0,20.4,0.278
2024-01-22 08:00:00,plateau_jos,17.0,111.0,8.6,75,16.9,20,0.0,0,20.2,0.278
2024-01-22 09:00:00,plateau_jos,20.0,351.0,11.9,65,24.8,16,0.0,0,20.0,0.278
2024-01-22 10:00:00,plateau_jos,22.2,590.0,14.3,65,31.7,14,0.0,0,20.0,0.278
2024-01-22 11:00:00,plateau_jos,24.4,784.0,13.5,74,32.0,12,0.0,0,20.0,0.278
2024-01-22 12:00:00,plateau_jos,26.4,915.0,11.0,79,31.3,11,0.0,0,20.2,0.278
2024-01-22 13:00:00,plateau_jos,27.9,965.0,8.4,80,28.1,10,0.0,0,20.5,0.278
2024-01-22 14:00:00,plateau_jos,28.8,928.0,6.4,63,23.0,10,0.0,0,20.9,0.278
2024-01-22 15:00:00,plateau_jos,29.4,813.0,6.0,57,20.9,9,0.0,0,21.3,0.278
2024-01-22 16:00:00,plateau_jos,29.2,630.0,8.4,47,21.2,9,0.0,0,21.7,0.278
2024-01-22 17:00:00,plateau_jos,27.9,396.0,11.5,46,24.1,9,0.0,0,22.1,0.278
2024-01-22 18:00:00,plateau_jos,24.9,151.0,11.2,40,24.1,12,0.0,0,22.4,0.278
2024-01-22 19:00:00,plateau_jos,20.9,7.0,10.4,46,20.5,17,0.0,0,22.6,0.278
2024-01-22 20:00:00,plateau_jos,23.7,0.0,6.2,111,14.8,12,0.0,0,22.7,0.278
2024-01-22 21:00:00,plateau_jos,21.6,0.0,5.9,133,8.3,15,0.0,0,22.7,0.278
2024-01-22 22:00:00,plateau_jos,19.0,0.0,10.0,103,12.2,18,0.0,15,22.6,0.278
2024-01-22 23:00:00,plateau_jos,17.9,0.0,11.4,79,13.7,19,0.0,45,22.5,0.278
2024-01-23 00:00:00,plateau_jos,16.5,0.0,11.2,69,14.8,20,0.0,33,22.3,0.278
2024-01-23 01:00:00,plateau_jos,16.2,0.0,10.3,78,14.0,21,0.0,1,22.1,0.278
2024-01-23 02:00:00,plateau_jos,15.4,0.0,7.9,120,11.5,24,0.0,0,22.0,0.278
2024-01-23 03:00:00,plateau_jos,15.6,0.0,8.2,113,10.1,24,0.0,0,21.7,0.278
2024-01-23 04:00:00,plateau_jos,17.3,0.0,7.4,113,10.4,21,0.0,0,21.5,0.278
2024-01-23 05:00:00,plateau_jos,16.1,0.0,7.9,120,10.1,23,0.0,0,21.2,0.278
2024-01-23 06:00:00,plateau_jos,16.6,0.0,7.9,120,10.1,21,0.0,0,21.0,0.278
2024-01-23 07:00:00,plateau_jos,16.5,1.0,7.6,115,9.7,23,0.0,0,20.7,0.278
2024-01-23 08:00:00,plateau_jos,18.5,108.0,3.7,119,9.7,30,0.0,0,20.5,0.278
2024-01-23 09:00:00,plateau_jos,22.5,344.0,6.5,71,15.5,15,0.0,0,20.3,0.278
2024-01-23 10:00:00,plateau_jos,24.7,581.0,7.9,74,20.9,13,0.0,0,20.3,0.278
2024-01-23 11:00:00,plateau_jos,26.5,774.0,6.2,97,21.6,13,0.0,0,20.4,0.278
2024-01-23 12:00:00,plateau_jos,28.0,902.0,4.2,121,19.8,12,0.0,0,20.6,0.278
2024-01-23 13:00:00,plateau_jos,29.3,951.0,2.9,120,18.4,11,0.0,0,21.0,0.278
2024-01-23 14:00:00,plateau_jos,29.9,914.0,2.1,59,15.8,12,0.0,0,21.5,0.278
2024-01-23 15:00:00,plateau_jos,30.2,800.0,2.8,50,15.8,11,0.0,0,21.9,0.278
2024-01-23 16:00:00,plateau_jos,30.0,618.0,5.7,35,17.3,11,0.0,0,22.4,0.278
2024-01-23 17:00:00,plateau_jos,29.1,389.0,11.3,27,23.8,12,0.0,0,22.8,0.278
2024-01-23 18:00:00,plateau_jos,26.1,148.0,10.7,40,27.7,14,0.0,0,23.1,0.278
2024-01-23 19:00:00,plateau_jos,24.2,7.0,6.9,129,19.8,16,0.0,0,23.3,0.278
2024-01-23 20:00:00,plateau_jos,21.2,0.0,4.2,200,8.3,24,0.0,0,23.4,0.278
2024-01-23 21:00:00,plateau_jos,20.7,0.0,1.1,180,5.4,29,0.0,0,23.4,0.278
2024-01-23 22:00:00,plateau_jos,21.8,0.0,2.5,188,3.6,25,0.0,0,23.4,0.278
2024-01-23 23:00:00,plateau_jos,22.0,0.0,4.5,299,5.4,21,0.0,0,23.2,0.278
2024-01-24 00:00:00,plateau_jos,21.7,0.0,7.5,35,9.0,18,0.0,0,23.1,0.278
2024-01-24 01:00:00,plateau_jos,21.1,0.0,6.1,93,9.4,18,0.0,0,22.9,0.278
2024-01-24 02:00:00,plateau_jos,18.5,0.0,9.1,72,11.2,22,0.0,0,22.8,0.278
2024-01-24 03:00:00,plateau_jos,17.4,0.0,10.2,72,12.6,24,0.0,0,22.5,0.278
2024-01-24 04:00:00,plateau_jos,15.4,0.0,12.0,69,14.8,27,0.0,0,22.3,0.278
2024-01-24 05:00:00,plateau_jos,15.3,0.0,9.3,54,17.3,25,0.0,12,22.0,0.278
2024-01-24 06:00:00,plateau_jos,14.7,0.0,8.7,52,15.8,26,0.0,14,21.8,0.278
2024-01-24 07:00:00,plateau_jos,13.7,1.0,8.2,61,15.1,30,0.0,0,21.6,0.278
2024-01-24 08:00:00,plateau_jos,16.8,106.0,11.3,59,17.6,26,0.0,8,21.3,0.278
2024-01-24 09:00:00,plateau_jos,18.9,338.0,13.3,52,28.1,24,0.0,10,21.2,0.278
2024-01-24 10:00:00,plateau_jos,20.9,571.0,15.1,57,32.8,22,0.0,18,21.1,0.278
2024-01-24 11:00:00,plateau_jos,22.9,761.0,16.2,53,36.0,20,0.0,0,21.1,0.278
2024-01-24 12:00:00,plateau_jos,24.3,886.0,16.6,49,37.4,18,0.0,0,21.2,0.278
2024-01-24 13:00:00,plateau_jos,25.5,934.0,16.6,48,37.8,17,0.0,0,21.4,0.278
2024-01-24 14:00:00,plateau_jos,26.0,897.0,15.1,40,36.4,17,0.0,0,21.7,0.278
2024-01-24 15:00:00,plateau_jos,26.1,787.0,13.9,37,34.9,17,0.0,0,22.0,0.278
2024-01-24 16:00:00,plateau_jos,25.7,610.0,14.3,39,32.4,17,0.0,0,22.3,0.278
2024-01-24 17:00:00,plateau_jos,24.5,384.0,14.8,41,31.7,18,0.0,0,22.6,0.278
2024-01-24 18:00:00,plateau_jos,22.7,147.0,13.2,43,30.2,20,0.0,0,22.8,0.278
2024-01-24 19:00:00,plateau_jos,20.6,8.0,13.5,46,24.5,23,0.0,0,22.9,0.278
2024-01-24 20:00:00,plateau_jos,19.6,0.0,14.3,47,25.2,25,0.0,0,23.0,0.278
2024-01-24 21:00:00,plateau_jos,18.5,0.0,13.3,49,25.9,28,0.0,0,22.9,0.278
2024-01-24 22:00:00,plateau_jos,17.5,0.0,11.1,54,23.8,30,0.0,0,22.9,0.278
2024-01-24 23:00:00,plateau_jos,17.0,0.0,11.1,54,20.5,32,0.0,0,22.8,0.278
2024-01-25 00:00:00,plateau_jos,16.6,0.0,11.0,58,20.2,32,0.0,0,22.7,0.278
2024-01-25 01:00:00,plateau_jos,16.2,0.0,11.3,59,20.2,31,0.0,0,22.5,0.278
2024-01-25 02:00:00,plateau_jos,15.7,0.0,13.3,49,23.4,33,0.0,0,22.4,0.278
2024-01-25 03:00:00,plateau_jos,14.8,0.0,13.0,51,23.8,34,0.0,0,22.2,0.278
2024-01-25 04:00:00,plateau_jos,14.0,0.0,13.3,57,23.0,35,0.0,0,22.0,0.278
2024-01-25 05:00:00,plateau_jos,13.4,0.0,13.6,58,24.5,36,0.0,0,21.8,0.278
2024-01-25 06:00:00,plateau_jos,13.0,0.0,14.0,61,24.8,37,0.0,0,21.6,0.278
2024-01-25 07:00:00,plateau_jos,12.6,1.0,13.8,62,24.8,38,0.0,0,21.4,0.278
2024-01-25 08:00:00,plateau_jos,14.2,102.0,14.5,60,27.0,36,0.0,10,21.2,0.278
2024-01-25 09:00:00,plateau_jos,16.0,328.0,16.7,57,34.6,33,0.0,94,21.0,0.278
2024-01-25 10:00:00,plateau_jos,18.2,551.0,17.5,58,37.4,29,0.0,94,20.9,0.278
2024-01-25 11:00:00,plateau_jos,20.2,734.0,18.2,56,40.0,26,0.0,86,20.9,0.278
2024-01-25 12:00:00,plateau_jos,22.0,871.0,18.5,57,40.7,23,0.0,41,21.0,0.278
2024-01-25 13:00:00,plateau_jos,23.5,917.0,17.5,53,40.7,20,0.0,98,21.2,0.278
2024-01-25 14:00:00,plateau_jos,24.3,888.0,16.3,49,38.9,20,0.0,38,21.4,0.278
2024-01-25 15:00:00,plateau_jos,24.8,782.0,15.5,48,37.1,19,0.0,39,21.6,0.278
2024-01-25 16:00:00,plateau_jos,24.4,607.0,15.1,50,34.9,19,0.0,47,21.9,0.278
2024-01-25 17:00:00,plateau_jos,23.4,380.0,15.6,52,32.8,21,0.0,82,22.2,0.278
2024-01-25 18:00:00,plateau_jos,21.6,143.0,13.6,53,31.3,23,0.0,60,22.3,0.278
2024-01-25 19:00:00,plateau_jos,19.7,8.0,12.1,53,25.2,26,0.0,96,22.4,0.278
2024-01-25 20:00:00,plateau_jos,18.5,0.0,13.6,53,24.1,29,0.0,98,22.5,0.278
2024-01-25 21:00:00,plateau_jos,17.5,0.0,14.6,52,26.6,31,0.0,88,22.5,0.278
2024-01-25 22:00:00,plateau_jos,16.6,0.0,14.3,56,26.6,33,0.0,18,22.4,0.278
2024-01-25 23:00:00,plateau_jos,15.8,0.0,13.0,62,25.6,35,0.0,49,22.3,0.278
2024-01-26 00:00:00,plateau_jos,15.3,0.0,13.4,63,23.8,36,0.0,91,22.2,0.278
2024-01-26 01:00:00,plateau_jos,14.9,0.0,13.0,66,23.8,36,0.0,96,22.0,0.278
2024-01-26 02:00:00,plateau_jos,14.6,0.0,13.2,68,23.8,35,0.0,0,21.9,0.278
2024-01-26 03:00:00,plateau_jos,14.2,0.0,12.8,68,23.8,35,0.0,0,21.7,0.278
2024-01-26 04:00:00,plateau_jos,13.7,0.0,12.4,68,23.0,36,0.0,0,21.5,0.278
2024-01-26 05:00:00,plateau_jos,13.3,0.0,12.4,68,22.3,37,0.0,0,21.3,0.278
2024-01-26 06:00:00,plateau_jos,12.8,0.0,11.6,68,22.3,38,0.0,0,21.1,0.278
2024-01-26 07:00:00,plateau_jos,12.6,1.0,12.3,69,22.0,38,0.0,0,20.9,0.278
2024-01-26 08:00:00,plateau_jos,14.3,101.0,13.7,67,25.6,35,0.0,0,20.7,0.278
2024-01-26 09:00:00,plateau_jos,16.3,329.0,15.6,64,32.4,30,0.0,0,20.6,0.278
2024-01-26 10:00:00,plateau_jos,18.5,560.0,17.2,64,36.7,27,0.0,0,20.5,0.278
2024-01-26 11:00:00,plateau_jos,20.6,749.0,17.9,65,39.2,24,0.0,0,20.5,0.278
2024-01-26 12:00:00,plateau_jos,22.5,875.0,17.4,66,39.6,22,0.0,0,20.6,0.278
2024-01-26 13:00:00,plateau_jos,23.9,925.0,16.6,66,39.2,19,0.0,0,20.8,0.278
2024-01-26 14:00:00,plateau_jos,24.6,893.0,15.0,60,36.7,19,0.0,0,21.1,0.278
2024-01-26 15:00:00,plateau_jos,24.9,785.0,14.2,54,34.9,19,0.0,0,21.4,0.278
2024-01-26 16:00:00,plateau_jos,24.6,609.0,13.9,53,32.4,19,0.0,0,21.7,0.278
2024-01-26 17:00:00,plateau_jos,23.7,385.0,15.5,54,31.0,19,0.0,0,21.9,0.278
2024-01-26 18:00:00,plateau_jos,21.9,149.0,14.1,50,31.0,21,0.0,0,22.1,0.278
2024-01-26 19:00:00,plateau_jos,19.8,8.0,12.3,50,25.6,24,0.0,0,22.2,0.278
2024-01-26 20:00:00,plateau_jos,18.9,0.0,13.8,57,24.1,25,0.0,0,22.3,0.278
2024-01-26 21:00:00,plateau_jos,17.8,0.0,13.4,63,24.8,27,0.0,0,22.3,0.278
2024-01-26 22:00:00,plateau_jos,16.7,0.0,12.6,63,24.1,29,0.0,0,22.2,0.278
2024-01-26 23:00:00,plateau_jos,16.0,0.0,11.6,64,22.3,31,0.0,0,22.1,0.278
2024-01-27 00:00:00,plateau_jos,15.6,0.0,11.6,64,20.9,31,0.0,0,22.0,0.278
2024-01-27 01:00:00,plateau_jos,15.1,0.0,12.4,60,22.0,31,0.0,0,21.9,0.278
2024-01-27 02:00:00,plateau_jos,14.6,0.0,12.2,62,22.3,31,0.0,12,21.8,0.278
2024-01-27 03:00:00,plateau_jos,14.0,0.0,12.0,69,22.0,31,0.0,20,21.6,0.278
2024-01-27 04:00:00,plateau_jos,13.6,0.0,11.2,75,21.2,31,0.0,32,21.4,0.278
2024-01-27 05:00:00,plateau_jos,13.3,0.0,11.0,71,20.2,31,0.0,59,21.2,0.278
2024-01-27 06:00:00,plateau_jos,12.9,0.0,11.8,67,20.5,32,0.0,44,21.0,0.278
2024-01-27 07:00:00,plateau_jos,12.5,1.0,11.6,64,20.9,33,0.0,61,20.8,0.278
2024-01-27 08:00:00,plateau_jos,13.8,96.0,12.7,65,24.1,30,0.0,40,20.6,0.278
2024-01-27 09:00:00,plateau_jos,15.9,315.0,14.2,63,30.2,26,0.0,45,20.5,0.278
2024-01-27 10:00:00,plateau_jos,18.5,537.0,15.0,66,33.5,23,0.0,39,20.4,0.278
2024-01-27 11:00:00,plateau_jos,21.1,741.0,16.0,67,35.6,20,0.0,55,20.4,0.278
2024-01-27 12:00:00,plateau_jos,23.2,865.0,15.6,67,36.4,19,0.0,23,20.5,0.278
2024-01-27 13:00:00,plateau_jos,24.8,918.0,15.0,66,36.0,17,0.0,50,20.7,0.278
2024-01-27 14:00:00,plateau_jos,25.4,892.0,12.7,65,32.8,18,0.0,30,21.0,0.278
2024-01-27 15:00:00,plateau_jos,25.7,781.0,12.6,63,31.0,18,0.0,18,21.3,0.278
2024-01-27 16:00:00,plateau_jos,25.3,607.0,13.0,62,30.2,18,0.0,2,21.6,0.278
2024-01-27 17:00:00,plateau_jos,24.2,383.0,13.8,62,29.2,19,0.0,1,21.9,0.278
2024-01-27 18:00:00,plateau_jos,22.2,148.0,13.1,58,28.8,21,0.0,6,22.2,0.278
2024-01-27 19:00:00,plateau_jos,19.9,8.0,11.3,53,23.8,24,0.0,15,22.3,0.278
2024-01-27 20:00:00,plateau_jos,18.6,0.0,11.8,59,20.5,25,0.0,20,22.3,0.278
2024-01-27 21:00:00,plateau_jos,17.6,0.0,12.4,64,22.0,27,0.0,25,22.3,0.278
2024-01-27 22:00:00,plateau_jos,16.5,0.0,12.2,66,22.0,30,0.0,11,22.3,0.278
2024-01-27 23:00:00,plateau_jos,15.6,0.0,11.6,64,21.6,32,0.0,1,22.2,0.278
2024-01-28 00:00:00,plateau_jos,14.9,0.0,9.8,66,20.9,34,0.0,0,22.1,0.278
2024-01-28 01:00:00,plateau_jos,14.4,0.0,10.2,67,18.0,34,0.0,4,21.9,0.278
2024-01-28 02:00:00,plateau_jos,14.0,0.0,10.0,69,18.4,33,0.0,13,21.8,0.278
2024-01-28 03:00:00,plateau_jos,13.6,0.0,9.6,70,18.0,33,0.0,27,21.6,0.278
2024-01-28 04:00:00,plateau_jos,13.3,0.0,9.3,77,17.3,32,0.0,5,21.4,0.277
2024-01-28 05:00:00,plateau_jos,12.8,0.0,7.7,79,16.9,33,0.0,0,21.2,0.277
2024-01-28 06:00:00,plateau_jos,12.6,0.0,7.4,76,14.0,33,0.0,1,21.0,0.277
2024-01-28 07:00:00,plateau_jos,12.4,1.0,7.3,70,13.3,34,0.0,0,20.8,0.277
2024-01-28 08:00:00,plateau_jos,14.8,101.0,10.6,66,19.8,30,0.0,0,20.6,0.277
2024-01-28 09:00:00,plateau_jos,17.2,328.0,12.9,63,28.1,26,0.0,0,20.4,0.277
2024-01-28 10:00:00,plateau_jos,19.9,558.0,15.2,68,33.5,22,0.0,0,20.4,0.277
2024-01-28 11:00:00,plateau_jos,22.3,747.0,16.0,67,36.0,19,0.0,0,20.4,0.277
2024-01-28 12:00:00,plateau_jos,24.4,873.0,15.8,69,36.4,17,0.0,0,20.6,0.277
2024-01-28 13:00:00,plateau_jos,26.0,923.0,15.0,69,36.4,16,0.0,0,20.8,0.277
2024-01-28 14:00:00,plateau_jos,27.2,891.0,13.0,62,32.0,16,0.0,0,21.2,0.277
2024-01-28 15:00:00,plateau_jos,27.4,783.0,12.6,63,31.3,16,0.0,0,21.5,0.277
2024-01-28 16:00:00,plateau_jos,27.1,609.0,12.9,67,30.2,16,0.0,0,21.9,0.277
2024-01-28 17:00:00,plateau_jos,26.2,386.0,13.4,70,28.8,16,0.0,0,22.2,0.277
2024-01-28 18:00:00,plateau_jos,24.1,151.0,12.4,64,27.7,18,0.0,0,22.4,0.277
2024-01-28 19:00:00,plateau_jos,21.7,9.0,10.7,70,22.7,20,0.0,0,22.6,0.277
2024-01-28 20:00:00,plateau_jos,20.2,0.0,7.3,79,18.7,22,0.0,0,22.7,0.277
2024-01-28 21:00:00,plateau_jos,18.5,0.0,8.3,72,12.6,25,0.0,0,22.7,0.277
2024-01-28 22:00:00,plateau_jos,18.2,0.0,7.6,65,13.0,23,0.0,0,22.6,0.277
2024-01-28 23:00:00,plateau_jos,17.3,0.0,7.7,62,14.0,25,0.0,0,22.6,0.277
2024-01-29 00:00:00,plateau_jos,16.6,0.0,7.6,65,14.0,26,0.0,0,22.4,0.277
2024-01-29 01:00:00,plateau_jos,15.9,0.0,7.3,70,13.3,27,0.0,0,22.3,0.277
2024-01-29 02:00:00,plateau_jos,14.8,0.0,7.5,73,12.2,28,0.0,0,22.2,0.277
2024-01-29 03:00:00,plateau_jos,14.0,0.0,9.1,81,12.2,29,0.0,0,22.0,0.277
2024-01-29 04:00:00,plateau_jos,13.7,0.0,8.7,85,12.2,29,0.0,0,21.8,0.277
2024-01-29 05:00:00,plateau_jos,13.2,0.0,9.7,90,12.6,30,0.0,0,21.6,0.277
2024-01-29 06:00:00,plateau_jos,12.9,0.0,9.7,94,13.0,31,0.0,0,21.4,0.277
2024-01-29 07:00:00,plateau_jos,12.8,1.0,9.5,101,13.0,36,0.0,0,21.2,0.277
2024-01-29 08:00:00,plateau_jos,16.8,100.0,8.3,88,14.0,25,0.0,0,21.0,0.277
2024-01-29 09:00:00,plateau_jos,19.3,327.0,10.5,68,23.4,21,0.0,0,20.8,0.277
2024-01-29 10:00:00,plateau_jos,21.6,559.0,12.7,65,29.2,19,0.0,0,20.8,0.277
2024-01-29 11:00:00,plateau_jos,23.8,749.0,12.9,67,31.0,17,0.0,0,20.8,0.277
2024-01-29 12:00:00,plateau_jos,25.7,875.0,11.9,65,31.0,16,0.0,0,21.0,0.277
2024-01-29 13:00:00,plateau_jos,27.3,925.0,10.8,64,29.9,15,0.0,0,21.3,0.277
2024-01-29 14:00:00,plateau_jos,28.8,893.0,10.0,64,26.6,15,0.0,0,21.7,0.277
2024-01-29 15:00:00,plateau_jos,29.0,786.0,10.6,62,27.0,15,0.0,0,22.0,0.277
2024-01-29 16:00:00,plateau_jos,28.7,612.0,11.3,63,27.0,15,0.0,0,22.4,0.277
2024-01-29 17:00:00,plateau_jos,27.4,388.0,13.2,64,27.4,16,0.0,0,22.8,0.277
2024-01-29 18:00:00,plateau_jos,25.2,152.0,11.7,56,27.4,18,0.0,0,23.0,0.277
2024-01-29 19:00:00,plateau_jos,22.0,9.0,7.0,55,21.6,22,0.0,0,23.2,0.277
2024-01-29 20:00:00,plateau_jos,20.1,0.0,7.4,67,11.9,25,0.0,0,23.3,0.277
2024-01-29 21:00:00,plateau_jos,19.5,0.0,7.2,72,12.2,25,0.0,0,23.3,0.277
2024-01-29 22:00:00,plateau_jos,18.8,0.0,7.1,66,13.0,25,0.0,0,23.3,0.277
2024-01-29 23:00:00,plateau_jos,17.9,0.0,7.4,67,12.6,27,0.0,0,23.2,0.277
2024-01-30 00:00:00,plateau_jos,17.0,0.0,8.1,69,12.2,30,0.0,0,23.1,0.277
2024-01-30 01:00:00,plateau_jos,16.2,0.0,8.9,69,12.6,32,0.0,0,22.9,0.277
2024-01-30 02:00:00,plateau_jos,15.7,0.0,8.8,71,13.3,32,0.0,0,22.8,0.277
2024-01-30 03:00:00,plateau_jos,15.1,0.0,9.8,73,13.3,33,0.0,0,22.6,0.277
2024-01-30 04:00:00,plateau_jos,14.9,0.0,9.9,80,13.3,32,0.0,0,22.4,0.277
2024-01-30 05:00:00,plateau_jos,14.7,0.0,9.8,73,13.7,32,0.0,0,22.2,0.277
2024-01-30 06:00:00,plateau_jos,14.1,0.0,10.3,78,13.3,33,0.0,0,22.0,0.277
2024-01-30 07:00:00,plateau_jos,13.7,1.0,10.2,82,13.7,37,0.0,0,21.8,0.277
2024-01-30 08:00:00,plateau_jos,17.8,101.0,8.0,80,13.3,27,0.0,0,21.5,0.277
2024-01-30 09:00:00,plateau_jos,20.8,327.0,8.7,66,20.5,22,0.0,0,21.4,0.277
2024-01-30 10:00:00,plateau_jos,23.3,558.0,11.1,65,26.3,19,0.0,0,21.4,0.277
2024-01-30 11:00:00,plateau_jos,25.3,748.0,11.4,66,28.8,18,0.0,0,21.4,0.277
2024-01-30 12:00:00,plateau_jos,27.0,875.0,10.8,64,28.8,17,0.0,0,21.6,0.277
2024-01-30 13:00:00,plateau_jos,28.2,925.0,10.1,55,28.1,16,0.0,0,21.9,0.277
2024-01-30 14:00:00,plateau_jos,28.6,895.0,10.0,49,26.6,16,0.0,0,22.2,0.277
2024-01-30 15:00:00,plateau_jos,28.8,787.0,11.0,49,27.4,16,0.0,0,22.5,0.277
2024-01-30 16:00:00,plateau_jos,28.4,613.0,12.1,53,27.7,17,0.0,0,22.9,0.277
2024-01-30 17:00:00,plateau_jos,27.3,389.0,12.9,54,27.7,17,0.0,0,23.2,0.277
2024-01-30 18:00:00,plateau_jos,25.6,154.0,10.4,44,26.6,19,0.0,0,23.5,0.277
2024-01-30 19:00:00,plateau_jos,22.9,9.0,9.9,44,19.4,22,0.0,0,23.6,0.277
2024-01-30 20:00:00,plateau_jos,21.1,0.0,7.3,57,17.6,24,0.0,0,23.7,0.277
2024-01-30 21:00:00,plateau_jos,20.6,0.0,8.7,60,15.1,24,0.0,0,23.7,0.277
2024-01-30 22:00:00,plateau_jos,19.8,0.0,9.5,61,17.3,26,0.0,0,23.7,0.277
2024-01-30 23:00:00,plateau_jos,18.9,0.0,9.5,65,17.3,28,0.0,0,23.6,0.277
2024-01-31 00:00:00,plateau_jos,18.2,0.0,8.2,67,16.9,30,0.0,0,23.5,0.277
2024-01-31 01:00:00,plateau_jos,17.8,0.0,8.0,63,15.1,31,0.0,0,23.4,0.277
2024-01-31 02:00:00,plateau_jos,17.5,0.0,8.8,71,15.1,31,0.0,0,23.2,0.277
2024-01-31 03:00:00,plateau_jos,16.9,0.0,8.1,69,15.5,31,0.0,0,23.1,0.277
2024-01-31 04:00:00,plateau_jos,16.4,0.0,7.9,66,14.4,31,0.0,0,22.9,0.277
2024-01-31 05:00:00,plateau_jos,15.7,0.0,7.3,70,13.7,31,0.0,2,22.7,0.277
2024-01-31 06:00:00,plateau_jos,15.1,0.0,6.8,72,12.6,32,0.0,1,22.5,0.277
2024-01-31 07:00:00,plateau_jos,14.7,1.0,6.7,74,11.9,34,0.0,5,22.3,0.277
2024-01-31 08:00:00,plateau_jos,17.4,100.0,9.7,68,18.4,29,0.0,2,22.1,0.277
2024-01-31 09:00:00,plateau_jos,19.6,325.0,11.3,59,24.5,25,0.0,0,21.9,0.277
2024-01-31 10:00:00,plateau_jos,21.9,556.0,13.3,57,30.2,23,0.0,0,21.9,0.277
2024-01-31 11:00:00,plateau_jos,23.7,746.0,15.6,56,34.9,21,0.0,0,21.9,0.277
2024-01-31 12:00:00,plateau_jos,25.5,872.0,15.4,57,35.6,19,0.0,0,22.1,0.277
2024-01-31 13:00:00,plateau_jos,26.9,923.0,14.5,55,35.6,18,0.0,90,22.3,0.277
2024-01-31 14:00:00,plateau_jos,27.5,894.0,13.0,48,33.1,18,0.0,87,22.6,0.277
2024-01-31 15:00:00,plateau_jos,27.7,783.0,12.8,50,31.7,18,0.0,99,22.9,0.277
2024-01-31 16:00:00,plateau_jos,27.5,608.0,12.7,47,30.6,18,0.0,92,23.2,0.277
2024-01-31 17:00:00,plateau_jos,26.5,372.0,14.0,48,29.2,19,0.0,65,23.5,0.277
2024-01-31 18:00:00,plateau_jos,24.7,145.0,13.0,44,29.2,20,0.0,98,23.7,0.277
2024-01-31 19:00:00,plateau_jos,22.7,9.0,12.5,41,24.1,22,0.0,97,23.8,0.277
2024-01-31 20:00:00,plateau_jos,21.7,0.0,11.5,51,22.3,23,0.0,90,23.9,0.277
2024-01-31 21:00:00,plateau_jos,20.8,0.0,11.8,52,20.9,25,0.0,97,23.9,0.277
2024-01-31 22:00:00,plateau_jos,19.9,0.0,12.4,60,22.3,27,0.0,93,23.9,0.277
2024-01-31 23:00:00,plateau_jos,18.9,0.0,11.3,68,22.3,29,0.0,82,23.8,0.277
